sin+,sin-,v_high,v_low,voltage
0,3,0,3,9.767778e-04
0,3,0,3,9.757243e-04
0,3,0,3,9.760376e-04
0,3,0,3,9.766151e-04
0,3,0,3,9.775318e-04
