sin+,sin-,v_high,v_low,voltage
15,16,15,16,0.000000e+00
15,16,15,16,3.454650e-04
15,16,15,16,3.453651e-04
15,16,15,16,3.453141e-04
15,16,15,16,3.454295e-04
15,16,15,16,3.453318e-04
15,16,15,16,3.452825e-04
1,2,1,2,2.233106e-04
1,2,1,2,2.232450e-04
1,2,1,2,2.229847e-04
1,2,1,2,2.232717e-04
1,2,1,2,2.230530e-04
1,2,1,2,2.231792e-04
1,2,1,2,2.232067e-04
1,2,1,2,2.229770e-04
1,2,1,2,2.231603e-04
