sin+,sin-,v_high,v_low,voltage
1,2,1,2,2.229062e-04
1,2,1,2,2.242262e-04
1,2,1,2,2.229116e-04
1,2,1,2,2.224495e-04
1,2,1,2,2.223817e-04
1,2,1,2,2.240952e-04
