sin+,sin-,v_high,v_low,voltage
1,2,1,2,2.262630e-04
1,2,1,2,2.230186e-04
1,2,1,2,2.229934e-04
1,2,1,2,2.229865e-04
1,2,1,2,2.230260e-04
