sin+,sin-,v_high,v_low,voltage
1,2,1,2,2.232628e-04
1,2,1,2,2.231998e-04
1,2,1,2,2.232434e-04
1,2,1,2,2.231721e-04
1,2,1,2,2.232275e-04
1,2,1,2,2.231347e-04
