sin+,sin-,v_high,v_low,voltage
0,1,0,1,1.173276e-04
0,1,0,1,1.142102e-04
0,1,0,1,1.176781e-04
0,1,0,1,1.119836e-04
0,1,0,1,1.187030e-04
