sin+,sin-,v_high,v_low,voltage
1,2,1,2,2.233564e-04
1,2,1,2,2.230853e-04
1,2,1,2,2.230311e-04
1,2,1,2,2.231386e-04
1,2,1,2,2.230964e-04
1,2,1,2,2.230744e-04
