sin+,sin-,v_high,v_low,voltage
0,1,0,1,7.773866e-03
1,2,1,2,5.722766e-03
8,9,8,9,4.264411e-03
10,9,10,9,3.269358e-03
