sin+,sin-,v_high,v_low,voltage
1,2,1,2,2.226571e-04
1,2,1,2,2.230134e-04
1,2,1,2,2.231303e-04
1,2,1,2,2.229643e-04
1,2,1,2,2.227466e-04
1,2,1,2,2.230104e-04
