sin+,sin-,v_high,v_low,voltage
0,1,0,1,-1.511590e-04
0,1,0,1,-1.571350e-04
0,1,0,1,-1.539448e-04
0,1,0,1,-1.580051e-04
0,1,0,1,-1.471835e-04
