sin+,sin-,v_high,v_low,voltage
0,3,0,3,-4.219200e-04
0,3,0,3,-3.246937e-04
0,3,0,3,-2.921466e-04
0,3,0,3,-2.607065e-04
0,3,0,3,-2.518618e-04
