sin+,sin-,v_high,v_low,voltage
1,2,1,2,2.230547e-04
1,2,1,2,2.231194e-04
1,2,1,2,2.233358e-04
1,2,1,2,2.231828e-04
1,2,1,2,2.231857e-04
1,2,1,2,2.231680e-04
