sin+,sin-,v_high,v_low,voltage
0,3,0,3,1.502624e-03
0,3,0,3,1.032324e-03
0,3,0,3,9.812837e-04
0,3,0,3,9.771934e-04
0,3,0,3,9.811922e-04
