sin+,sin-,v_high,v_low,voltage
1,2,1,2,2.261593e-04
1,2,1,2,2.230209e-04
1,2,1,2,2.229851e-04
1,2,1,2,2.231729e-04
1,2,1,2,2.230201e-04
