sin+,sin-,v_high,v_low,voltage
1,2,1,2,2.296531e-04
1,2,1,2,2.232690e-04
1,2,1,2,2.228230e-04
1,2,1,2,2.237367e-04
1,2,1,2,2.234460e-04
