sin+,sin-,v_high,v_low,voltage
0,3,0,3,-2.746299e-04
0,3,0,3,-2.501839e-04
0,3,0,3,-2.363820e-04
0,3,0,3,-2.351852e-04
0,3,0,3,-2.347045e-04
