sin+,sin-,v_high,v_low,voltage
0,3,0,3,-2.413411e-04
1,2,1,2,-3.625545e-04
0,3,1,2,-7.394863e-05
