sin+,sin-,v_high,v_low,voltage
1,2,1,2,2.231354e-04
1,2,1,2,2.231474e-04
1,2,1,2,2.230921e-04
1,2,1,2,2.231007e-04
1,2,1,2,2.231627e-04
1,2,1,2,2.231175e-04
