sin+,sin-,v_high,v_low,voltage
1,2,1,2,2.231355e-04
1,2,1,2,2.228212e-04
1,2,1,2,2.234108e-04
1,2,1,2,2.230490e-04
1,2,1,2,2.230462e-04
1,2,1,2,2.232091e-04
