sin+,sin-,v_high,v_low,voltage
15,16,15,16,3.451628e-04
15,16,15,16,3.454316e-04
15,16,15,16,3.453210e-04
15,16,15,16,3.454167e-04
15,16,15,16,3.453904e-04
15,16,15,16,3.454232e-04
15,16,15,16,3.451761e-04
1,2,1,2,2.231891e-04
1,2,1,2,2.231090e-04
1,2,1,2,2.231352e-04
1,2,1,2,2.231344e-04
1,2,1,2,2.232620e-04
1,2,1,2,2.232326e-04
1,2,1,2,2.230396e-04
1,2,1,2,2.231015e-04
1,2,1,2,2.231798e-04
