sin+,sin-,v_high,v_low,voltage
1,2,1,2,2.262726e-04
1,2,1,2,2.230685e-04
1,2,1,2,2.229386e-04
1,2,1,2,2.230226e-04
1,2,1,2,2.229132e-04
