sin+,sin-,v_high,v_low,voltage
15,16,15,16,3.475336e-04
15,16,15,16,3.451308e-04
15,16,15,16,3.454287e-04
15,16,15,16,3.452426e-04
15,16,15,16,3.451473e-04
15,16,15,16,3.452030e-04
15,16,15,16,3.451960e-04
1,2,1,2,2.233523e-04
1,2,1,2,2.230527e-04
1,2,1,2,2.230649e-04
1,2,1,2,2.231454e-04
1,2,1,2,2.230570e-04
1,2,1,2,2.231183e-04
1,2,1,2,2.231220e-04
1,2,1,2,2.232414e-04
1,2,1,2,2.231055e-04
