sin+,sin-,v_high,v_low,voltage
1,2,1,2,2.319582e-04
1,2,1,2,2.232339e-04
1,2,1,2,2.235029e-04
1,2,1,2,2.231726e-04
1,2,1,2,2.233211e-04
