sin+,sin-,v_high,v_low,voltage
0,1,0,1,1.382276e-03
1,2,1,2,1.121561e-03
8,9,8,9,1.008853e-03
10,9,10,9,9.917731e-04
