sin+,sin-,v_high,v_low,voltage
1,2,1,2,2.259289e-04
1,2,1,2,2.231769e-04
1,2,1,2,2.231552e-04
1,2,1,2,2.230002e-04
1,2,1,2,2.230039e-04
1,2,1,2,2.230390e-04
1,2,1,2,2.231823e-04
1,2,1,2,2.230584e-04
1,2,1,2,2.229252e-04
15,16,15,16,3.452829e-04
15,16,15,16,3.452132e-04
15,16,15,16,3.452644e-04
15,16,15,16,3.454637e-04
15,16,15,16,3.452729e-04
15,16,15,16,3.453415e-04
15,16,15,16,3.454773e-04
