sin+,sin-,v_high,v_low,voltage
1,2,1,2,2.647588e-04
1,2,1,2,2.269278e-04
1,2,1,2,2.230368e-04
1,2,1,2,2.231924e-04
1,2,1,2,2.231653e-04
1,2,1,2,2.225742e-04
