sin+,sin-,v_high,v_low,voltage
1,2,1,2,2.269452e-04
1,2,1,2,2.248678e-04
1,2,1,2,2.236390e-04
1,2,1,2,2.215846e-04
1,2,1,2,2.270005e-04
