sin+,sin-,v_high,v_low,voltage
0,1,0,1,9.799371e-04
1,2,1,2,9.789846e-04
8,9,8,9,9.778620e-04
10,9,10,9,9.779297e-04
