sin+,sin-,v_high,v_low,voltage
0,3,0,3,9.886285e-04
0,3,0,3,9.803914e-04
0,3,0,3,9.760025e-04
0,3,0,3,9.794789e-04
0,3,0,3,9.754463e-04
