sin+,sin-,v_high,v_low,voltage
1,2,1,2,6.606087e-04
1,2,1,2,2.859676e-04
1,2,1,2,2.412139e-04
1,2,1,2,2.281363e-04
1,2,1,2,2.256718e-04
