sin+,sin-,v_high,v_low,voltage
1,2,1,2,2.246378e-04
1,2,1,2,2.232474e-04
1,2,1,2,2.233399e-04
1,2,1,2,2.232669e-04
1,2,1,2,2.232703e-04
1,2,1,2,2.232733e-04
