sin+,sin-,v_high,v_low,voltage
1,2,1,2,2.261951e-04
1,2,1,2,2.232041e-04
1,2,1,2,2.232389e-04
1,2,1,2,2.232683e-04
1,2,1,2,2.231112e-04
