sin+,sin-,v_high,v_low,voltage
1,2,1,2,2.309262e-04
1,2,1,2,2.236425e-04
1,2,1,2,2.229227e-04
1,2,1,2,2.234959e-04
1,2,1,2,2.223606e-04
