sin+,sin-,v_high,v_low,voltage
1,2,1,2,2.260504e-04
1,2,1,2,2.229726e-04
1,2,1,2,2.230068e-04
1,2,1,2,2.230038e-04
1,2,1,2,2.231091e-04
