sin+,sin-,v_high,v_low,voltage
0,3,0,3,9.871864e-04
0,3,0,3,9.791675e-04
0,3,0,3,9.752293e-04
0,3,0,3,9.777547e-04
0,3,0,3,9.765214e-04
