sin+,sin-,v_high,v_low,voltage
1,2,1,2,2.227998e-04
1,2,1,2,2.227894e-04
1,2,1,2,2.228492e-04
1,2,1,2,2.228586e-04
1,2,1,2,2.225566e-04
1,2,1,2,2.233847e-04
