sin+,sin-,v_high,v_low,voltage
0,3,0,3,4.883424e-04
0,3,0,3,4.885983e-04
0,3,0,3,4.884086e-04
0,3,0,3,4.883977e-04
0,3,0,3,4.886352e-04
