sin+,sin-,v_high,v_low,voltage
0,1,0,1,1.133415e-04
0,1,0,1,1.157969e-04
0,1,0,1,1.145009e-04
0,1,0,1,1.137286e-04
0,1,0,1,1.136962e-04
