sin+,sin-,v_high,v_low,voltage
1,2,1,2,2.463292e-04
1,2,1,2,2.237551e-04
1,2,1,2,2.239937e-04
1,2,1,2,2.246758e-04
1,2,1,2,2.237183e-04
