sin+,sin-,v_high,v_low,voltage
15,16,15,16,3.480511e-04
15,16,15,16,3.452003e-04
15,16,15,16,3.453266e-04
15,16,15,16,3.453979e-04
15,16,15,16,3.452490e-04
15,16,15,16,3.452375e-04
15,16,15,16,3.453791e-04
1,2,1,2,2.232715e-04
1,2,1,2,2.231577e-04
1,2,1,2,2.231750e-04
1,2,1,2,2.231925e-04
1,2,1,2,2.231940e-04
1,2,1,2,2.230960e-04
1,2,1,2,2.231003e-04
1,2,1,2,2.232115e-04
1,2,1,2,2.231294e-04
