sin+,sin-,v_high,v_low,voltage
1,2,1,2,2.262930e-04
1,2,1,2,2.231922e-04
1,2,1,2,2.230681e-04
1,2,1,2,2.229941e-04
1,2,1,2,2.230670e-04
