sin+,sin-,v_high,v_low,voltage
1,2,1,2,2.652680e-04
1,2,1,2,2.266949e-04
1,2,1,2,2.225531e-04
1,2,1,2,2.232628e-04
1,2,1,2,2.235430e-04
1,2,1,2,2.227008e-04
