sin+,sin-,v_high,v_low,voltage
15,16,15,16,3.475822e-04
15,16,15,16,3.453811e-04
15,16,15,16,3.454300e-04
15,16,15,16,3.453229e-04
15,16,15,16,3.453144e-04
15,16,15,16,3.453828e-04
15,16,15,16,3.456201e-04
1,2,1,2,2.234049e-04
1,2,1,2,2.234105e-04
1,2,1,2,2.233449e-04
1,2,1,2,2.233066e-04
1,2,1,2,2.231621e-04
1,2,1,2,2.234203e-04
1,2,1,2,2.233406e-04
1,2,1,2,2.233233e-04
1,2,1,2,2.232027e-04
