sin+,sin-,v_high,v_low,voltage
0,3,0,3,1.223412e-05
0,3,0,3,3.767521e-06
0,3,0,3,6.545738e-06
0,3,0,3,8.070995e-06
0,3,0,3,5.498552e-06
