sin+,sin-,v_high,v_low,voltage
1,2,1,2,2.241073e-04
1,2,1,2,2.240768e-04
1,2,1,2,2.241271e-04
1,2,1,2,2.241149e-04
1,2,1,2,2.240135e-04
1,2,1,2,2.240586e-04
