sin+,sin-,v_high,v_low,voltage
1,2,1,2,2.261508e-04
1,2,1,2,2.231889e-04
1,2,1,2,2.232096e-04
1,2,1,2,2.232218e-04
1,2,1,2,2.231754e-04
