sin+,sin-,v_high,v_low,voltage
0,3,1,2,1.147498e-03
0,3,1,2,1.149518e-03
0,3,1,2,1.150354e-03
