sin+,sin-,v_high,v_low,voltage
1,2,1,2,2.230598e-04
1,2,1,2,2.233109e-04
1,2,1,2,2.231615e-04
1,2,1,2,2.231425e-04
1,2,1,2,2.231821e-04
1,2,1,2,2.231551e-04
